batter1_id,batter1_name,batter2_id,batter2_name,match_year,matches_together,total_runs,total_balls,partnership_sr,batter1_sr,batter2_sr,synergy_score
3355b542,F du Plessis,b681e71e,GJ Maxwell,2023,8,567.0,296.0,191.55,154.66,183.49,66.5
0994d0ae,V Shankar,d67d5f00,DA Miller,2023,4,170.0,75.0,226.67,160.96,145.51,55.1
6c19c6e5,YBK Jaiswal,99b75528,JC Buttler,2023,13,550.0,333.0,165.17,164.04,139.5,44.6
d5130a30,B Sai Sudharsan,dbe50b21,HH Pandya,2023,3,121.0,57.0,212.28,143.08,137.85,40.9
740742ef,RG Sharma,eaa76d3c,C Green,2023,4,221.0,124.0,178.23,133.87,162.01,37.6
740742ef,RG Sharma,752f7486,Ishan Kishan,2023,15,504.0,338.0,149.11,133.87,142.77,36.5
0a509d6b,RK Singh,1abb78f8,SN Thakur,2023,7,176.0,90.0,195.56,151.44,161.43,35.2
0890552f,A Manohar,d67d5f00,DA Miller,2023,3,123.0,63.0,195.24,137.35,145.51,33.9
5f547c8b,Rashid Khan,b0946605,AS Joseph,2023,1,88.0,40.0,220.0,216.67,58.33,33.0
45a43fe2,RD Gaikwad,df5a6881,DP Conway,2023,15,849.0,566.0,150.0,148.24,140.29,32.5
6a26221c,AK Markram,77255a9e,RA Tripathi,2023,7,145.0,89.0,162.92,125.89,128.77,31.7
73c18486,KR Mayers,b17e2f24,KL Rahul,2023,8,365.0,256.0,142.58,146.9,113.69,31.4
b4b99816,Shubman Gill,d5130a30,B Sai Sudharsan,2023,7,487.0,302.0,161.26,158.93,143.08,31.0
73ad96ed,DJ Hooda,73c18486,KR Mayers,2023,2,93.0,52.0,178.85,93.33,146.9,30.5
a4e37e47,S Dube,df5a6881,DP Conway,2023,8,232.0,135.0,171.85,158.33,140.29,30.4
235c2bb6,H Klaasen,4ae1755b,HC Brook,2023,2,101.0,47.0,214.89,178.49,124.18,29.9
50c6bc2b,LS Livingstone,800d2d97,JM Sharma,2023,2,120.0,56.0,214.29,168.07,157.65,28.8
0a509d6b,RK Singh,cc1e8c68,UT Yadav,2023,3,69.0,32.0,215.63,151.44,105.56,27.9
800d2d97,JM Sharma,e94915e6,SM Curran,2023,4,131.0,70.0,187.14,157.65,137.31,27.8
28c78fb3,Harpreet Singh,e94915e6,SM Curran,2023,1,92.0,48.0,191.67,131.03,137.31,27.6
b17e2f24,KL Rahul,d9273ee7,MP Stoinis,2023,3,121.0,71.0,170.42,113.69,150.0,27.4
3d284ca3,PD Salt,3d8feaf8,MR Marsh,2023,3,191.0,111.0,172.07,163.91,131.96,26.8
7dcb9bc9,M Shahrukh Khan,c05edf8e,Harpreet Brar,2023,4,75.0,33.0,227.27,165.96,126.83,26.7
4ae1755b,HC Brook,f29185a1,Abhishek Sharma,2023,3,107.0,60.0,178.33,124.18,144.87,26.3
4a8a2e3b,MS Dhoni,fe93fd9d,RA Jadeja,2023,4,132.0,63.0,209.52,192.59,143.94,26.0
0a476045,S Dhawan,9a5f2863,Mohit Rathee,2023,1,55.0,30.0,183.33,144.57,50.0,25.8
00ea847a,MA Agarwal,1b7b0fa7,Vivrant Sharma,2023,1,140.0,83.0,168.67,129.81,146.81,25.2
378daa89,Aman Hakim Khan,60500956,RV Patel,2023,2,62.0,33.0,187.88,108.91,113.95,25.2
29e95537,AM Rahane,a4e37e47,S Dube,2023,4,141.0,70.0,201.43,172.49,158.33,25.2
271f83cd,SA Yadav,eaa76d3c,C Green,2023,9,350.0,189.0,185.19,182.23,162.01,24.7
7dcb9bc9,M Shahrukh Khan,e94915e6,SM Curran,2023,4,117.0,61.0,191.8,165.96,137.31,24.5
2e171977,AR Patel,dcce6f09,DA Warner,2023,5,118.0,69.0,171.01,140.8,131.97,23.9
48a1d7b7,SO Hetmyer,a4cc73aa,SV Samson,2023,4,115.0,60.0,191.67,152.55,153.39,23.2
3d284ca3,PD Salt,cad00a4d,RR Rossouw,2023,2,117.0,60.0,195.0,163.91,149.29,23.0
48a1d7b7,SO Hetmyer,bcf325d2,Dhruv Jurel,2023,9,225.0,125.0,180.0,152.55,172.73,21.7
0a509d6b,RK Singh,bbd41817,AD Russell,2023,9,175.0,103.0,169.9,151.44,146.45,21.6
8b3e9c7c,PP Shaw,dcce6f09,DA Warner,2023,8,241.0,170.0,141.76,126.19,131.97,21.6
39a2dfa8,R Tewatia,d67d5f00,DA Miller,2023,5,96.0,50.0,192.0,152.63,145.51,21.5
50c6bc2b,LS Livingstone,e94915e6,SM Curran,2023,4,119.0,64.0,185.94,168.07,137.31,21.3
3241e3fd,N Pooran,d9273ee7,MP Stoinis,2023,7,230.0,130.0,176.92,172.95,150.0,20.1
271f83cd,SA Yadav,752f7486,Ishan Kishan,2023,4,156.0,84.0,185.71,182.23,142.77,19.5
a24be938,VR Iyer,fb2d1dda,N Rana,2023,7,386.0,255.0,151.37,146.38,141.44,19.0
ba607b88,V Kohli,c8f5f961,Anuj Rawat,2023,1,64.0,34.0,188.24,139.82,128.17,18.4
2e171977,AR Patel,60500956,RV Patel,2023,2,67.0,39.0,171.79,140.8,113.95,17.3
70d205c9,AT Rayudu,a4e37e47,S Dube,2023,5,78.0,41.0,190.24,139.82,158.33,16.9
ba607b88,V Kohli,da934ee8,MK Lomror,2023,4,162.0,104.0,155.77,139.82,140.63,16.2
3241e3fd,N Pooran,872b03f7,A Badoni,2023,5,256.0,154.0,166.23,172.95,139.18,15.7
872b03f7,A Badoni,d9273ee7,MP Stoinis,2023,3,94.0,55.0,170.91,139.18,150.0,14.5
00ea847a,MA Agarwal,235c2bb6,H Klaasen,2023,3,94.0,52.0,180.77,129.81,178.49,13.8
663b5e34,PN Mankad,d9273ee7,MP Stoinis,2023,1,73.0,43.0,169.77,130.99,150.0,12.6
99b75528,JC Buttler,a4cc73aa,SV Samson,2023,6,185.0,118.0,156.78,139.5,153.39,12.2
5b8c830e,KH Pandya,b17e2f24,KL Rahul,2023,5,154.0,125.0,123.2,113.94,113.69,11.7
1ac746c8,Atharva Taide,26d041c4,Sikandar Raza,2023,1,78.0,47.0,165.96,144.19,141.84,10.8
a4e37e47,S Dube,bb351c23,MM Ali,2023,3,87.0,51.0,170.59,158.33,140.91,10.7
2c25d4f5,D Padikkal,99b75528,JC Buttler,2023,3,83.0,54.0,153.7,130.5,139.5,10.1
bd54eef5,N Jagadeesan,d1c36f5c,JJ Roy,2023,1,83.0,56.0,148.21,109.88,152.41,9.6
a24be938,VR Iyer,bbd41817,AD Russell,2023,3,81.0,49.0,165.31,146.38,146.45,9.3
0a476045,S Dhawan,6c882e9a,PBB Rajapaksa,2023,3,96.0,67.0,143.28,144.57,114.52,9.2
872b03f7,A Badoni,90de905a,K Gowtham,2023,3,65.0,37.0,175.68,139.18,164.86,8.8
1abb78f8,SN Thakur,a24be938,VR Iyer,2023,2,58.0,32.0,181.25,161.43,146.38,8.8
dbe50b21,HH Pandya,fe11caa6,WP Saha,2023,2,116.0,80.0,145.0,137.85,130.18,8.8
eaa76d3c,C Green,f1f99156,TH David,2023,4,100.0,57.0,175.44,162.01,158.22,8.7
5b8c830e,KH Pandya,d9273ee7,MP Stoinis,2023,4,168.0,121.0,138.84,113.94,150.0,8.3
48a1d7b7,SO Hetmyer,6c19c6e5,YBK Jaiswal,2023,3,70.0,39.0,179.49,152.55,164.04,8.3
372455c4,Q de Kock,663b5e34,PN Mankad,2023,3,83.0,55.0,150.91,141.58,130.99,8.0
00ea847a,MA Agarwal,6a26221c,AK Markram,2023,1,46.0,30.0,153.33,129.81,125.89,7.6
45a43fe2,RD Gaikwad,70d205c9,AT Rayudu,2023,2,85.0,54.0,157.41,148.24,139.82,7.2
4ae1755b,HC Brook,6a26221c,AK Markram,2023,3,73.0,53.0,137.74,124.18,125.89,6.7
dcce6f09,DA Warner,dd7e9b3b,YV Dhull,2023,3,55.0,48.0,114.58,131.97,69.57,6.6
3d284ca3,PD Salt,dcce6f09,DA Warner,2023,8,156.0,101.0,154.46,163.91,131.97,6.6
d5130a30,B Sai Sudharsan,fe11caa6,WP Saha,2023,1,64.0,42.0,152.38,143.08,130.18,6.6
85b3fab2,T Stubbs,d1a60072,N Wadhera,2023,1,54.0,42.0,128.57,80.65,145.18,6.6
04a418e8,R Parag,2c25d4f5,D Padikkal,2023,3,73.0,53.0,137.74,120.0,130.5,6.6
b0482a1d,Tilak Varma,f1f99156,TH David,2023,6,194.0,116.0,167.24,164.9,158.22,6.6
0a476045,S Dhawan,a90e53ec,MW Short,2023,3,87.0,60.0,145.0,144.57,127.17,5.5
a24be938,VR Iyer,d1c36f5c,JJ Roy,2023,5,101.0,64.0,157.81,146.38,152.41,5.4
1ac746c8,Atharva Taide,9418198b,P Simran Singh,2023,6,160.0,105.0,152.38,144.19,150.42,5.3
b0482a1d,Tilak Varma,d1a60072,N Wadhera,2023,2,61.0,36.0,169.44,164.9,145.18,5.2
235c2bb6,H Klaasen,2e81a32d,B Kumar,2023,1,68.0,47.0,144.68,178.49,89.36,5.1
ad427b5c,Lalit Yadav,dcce6f09,DA Warner,2023,3,89.0,69.0,128.99,111.86,131.97,4.9
26d041c4,Sikandar Raza,e94915e6,SM Curran,2023,2,62.0,41.0,151.22,141.84,137.31,4.8
0a509d6b,RK Singh,d1c36f5c,JJ Roy,2023,2,79.0,49.0,161.22,151.44,152.41,4.6
271f83cd,SA Yadav,d1a60072,N Wadhera,2023,5,260.0,156.0,166.67,182.23,145.18,4.6
29e95537,AM Rahane,45a43fe2,RD Gaikwad,2023,3,126.0,76.0,165.79,172.49,148.24,4.1
1399b39c,Anmolpreet Singh,f29185a1,Abhishek Sharma,2023,3,76.0,53.0,143.4,128.05,144.87,3.7
0a509d6b,RK Singh,fb2d1dda,N Rana,2023,3,229.0,154.0,148.7,151.44,141.44,3.5
48a1d7b7,SO Hetmyer,99b75528,JC Buttler,2023,2,56.0,36.0,155.56,152.55,139.5,3.4
bb351c23,MM Ali,df5a6881,DP Conway,2023,3,54.0,36.0,150.0,140.91,140.29,3.4
b4b99816,Shubman Gill,fe11caa6,WP Saha,2023,17,590.0,406.0,145.32,158.93,130.18,3.1
0494fa6e,Vishnu Vinod,271f83cd,SA Yadav,2023,2,96.0,61.0,157.38,123.33,182.23,2.8
0a476045,S Dhawan,9418198b,P Simran Singh,2023,11,212.0,142.0,149.3,144.57,150.42,2.6
c8f5f961,Anuj Rawat,f9e6e7ef,Shahbaz Ahmed,2023,1,42.0,34.0,123.53,128.17,107.69,1.9
2e171977,AR Patel,f088b960,SN Khan,2023,2,37.0,31.0,119.35,140.8,86.89,1.7
70d205c9,AT Rayudu,fe93fd9d,RA Jadeja,2023,3,61.0,42.0,145.24,139.82,143.94,1.4
b0482a1d,Tilak Varma,eaa76d3c,C Green,2023,4,65.0,39.0,166.67,164.9,162.01,1.3
2c25d4f5,D Padikkal,6c19c6e5,YBK Jaiswal,2023,3,179.0,121.0,147.93,130.5,164.04,0.8
1399b39c,Anmolpreet Singh,77255a9e,RA Tripathi,2023,2,66.0,51.0,129.41,128.05,128.77,0.5
93b4fc78,MK Pandey,dcce6f09,DA Warner,2023,4,97.0,80.0,121.25,110.34,131.97,0.1
271f83cd,SA Yadav,f1f99156,TH David,2023,4,63.0,37.0,170.27,182.23,158.22,0.0
c03f1114,KD Karthik,da934ee8,MK Lomror,2023,4,59.0,43.0,137.21,134.62,140.63,-0.2
2e81a32d,B Kumar,8e514b4c,Abdul Samad,2023,5,57.0,51.0,111.76,89.36,135.2,-0.3
9418198b,P Simran Singh,a90e53ec,MW Short,2023,3,51.0,37.0,137.84,150.42,127.17,-0.4
73ad96ed,DJ Hooda,b17e2f24,KL Rahul,2023,4,44.0,43.0,102.33,93.33,113.69,-0.5
77255a9e,RA Tripathi,f29185a1,Abhishek Sharma,2023,6,165.0,121.0,136.36,128.77,144.87,-0.6
0a509d6b,RK Singh,0bacade8,Rahmanullah Gurbaz,2023,3,115.0,81.0,141.98,151.44,134.32,-0.7
372455c4,Q de Kock,73c18486,KR Mayers,2023,2,100.0,70.0,142.86,141.58,146.9,-1.0
378daa89,Aman Hakim Khan,ed5a5510,P Dubey,2023,1,30.0,33.0,90.91,108.91,80.0,-1.2
00ea847a,MA Agarwal,f29185a1,Abhishek Sharma,2023,4,51.0,38.0,134.21,129.81,144.87,-1.2
0bacade8,Rahmanullah Gurbaz,a24be938,VR Iyer,2023,5,136.0,98.0,138.78,134.32,146.38,-1.5
0a476045,S Dhawan,800d2d97,JM Sharma,2023,4,157.0,105.0,149.52,144.57,157.65,-1.7
0bacade8,Rahmanullah Gurbaz,bd54eef5,N Jagadeesan,2023,4,54.0,46.0,117.39,134.32,109.88,-2.2
271f83cd,SA Yadav,b0482a1d,Tilak Varma,2023,4,190.0,111.0,171.17,182.23,164.9,-2.7
a97c8ec2,PWH de Silva,c03f1114,KD Karthik,2023,3,35.0,30.0,116.67,117.86,134.62,-2.9
dcce6f09,DA Warner,f088b960,SN Khan,2023,3,55.0,54.0,101.85,131.97,86.89,-4.1
0994d0ae,V Shankar,b4b99816,Shubman Gill,2023,6,207.0,132.0,156.82,160.96,158.93,-4.1
235c2bb6,H Klaasen,8e514b4c,Abdul Samad,2023,3,115.0,76.0,151.32,178.49,135.2,-4.2
6a26221c,AK Markram,f29185a1,Abhishek Sharma,2023,3,48.0,39.0,123.08,125.89,144.87,-4.8
495d42a5,R Ashwin,99b75528,JC Buttler,2023,2,60.0,48.0,125.0,131.37,139.5,-5.0
d67d5f00,DA Miller,dbe50b21,HH Pandya,2023,2,46.0,36.0,127.78,145.51,137.85,-5.0
bbd41817,AD Russell,fb2d1dda,N Rana,2023,3,38.0,30.0,126.67,146.45,141.44,-5.2
372455c4,Q de Kock,73ad96ed,DJ Hooda,2023,2,38.0,37.0,102.7,141.58,93.33,-5.5
1ac746c8,Atharva Taide,50c6bc2b,LS Livingstone,2023,4,126.0,85.0,148.24,144.19,168.07,-6.7
d1c36f5c,JJ Roy,fb2d1dda,N Rana,2023,6,105.0,76.0,138.16,152.41,141.44,-6.7
740742ef,RG Sharma,b0482a1d,Tilak Varma,2023,1,68.0,50.0,136.0,133.87,164.9,-6.7
0a509d6b,RK Singh,a24be938,VR Iyer,2023,4,87.0,64.0,135.94,151.44,146.38,-8.3
0a476045,S Dhawan,e94915e6,SM Curran,2023,3,55.0,45.0,122.22,144.57,137.31,-8.4
2e171977,AR Patel,93b4fc78,MK Pandey,2023,4,113.0,97.0,116.49,140.8,110.34,-8.8
6c882e9a,PBB Rajapaksa,800d2d97,JM Sharma,2023,1,37.0,34.0,108.82,114.52,157.65,-9.3
b4b99816,Shubman Gill,dbe50b21,HH Pandya,2023,10,278.0,194.0,143.3,158.93,137.85,-9.9
9418198b,P Simran Singh,e94915e6,SM Curran,2023,2,105.0,80.0,131.25,150.42,137.31,-10.1
3ff033bb,MD Shanaka,b4b99816,Shubman Gill,2023,3,44.0,42.0,104.76,100.0,158.93,-10.4
a24be938,VR Iyer,bd54eef5,N Jagadeesan,2023,3,28.0,30.0,93.33,146.38,109.88,-10.4
3355b542,F du Plessis,ba607b88,V Kohli,2023,14,939.0,645.0,145.58,154.66,139.82,-10.7
3d8feaf8,MR Marsh,dcce6f09,DA Warner,2023,6,75.0,65.0,115.38,131.96,131.97,-10.8
26d041c4,Sikandar Raza,28c78fb3,Harpreet Singh,2023,1,30.0,30.0,100.0,141.84,131.03,-10.9
00ea847a,MA Agarwal,4ae1755b,HC Brook,2023,5,149.0,126.0,118.25,129.81,124.18,-11.0
b681e71e,GJ Maxwell,e38bce7a,MG Bracewell,2023,3,35.0,30.0,116.67,183.49,123.4,-11.0
235c2bb6,H Klaasen,6a26221c,AK Markram,2023,7,217.0,150.0,144.67,178.49,125.89,-11.3
a4e37e47,S Dube,fe93fd9d,RA Jadeja,2023,4,138.0,99.0,139.39,158.33,143.94,-11.6
cad00a4d,RR Rossouw,dcce6f09,DA Warner,2023,4,81.0,66.0,122.73,149.29,131.97,-11.8
372455c4,Q de Kock,5b8c830e,KH Pandya,2023,2,39.0,40.0,97.5,141.58,113.94,-12.1
b4b99816,Shubman Gill,d67d5f00,DA Miller,2023,6,165.0,118.0,139.83,158.93,145.51,-14.6
0994d0ae,V Shankar,d5130a30,B Sai Sudharsan,2023,2,88.0,68.0,129.41,160.96,143.08,-15.4
235c2bb6,H Klaasen,81c36ee9,M Jansen,2023,2,31.0,36.0,86.11,178.49,90.7,-17.5
93b4fc78,MK Pandey,cad00a4d,RR Rossouw,2023,1,59.0,59.0,100.0,110.34,149.29,-17.6
77255a9e,RA Tripathi,f19ccfad,Washington Sundar,2023,1,39.0,50.0,78.0,128.77,100.0,-18.2
6c19c6e5,YBK Jaiswal,a4cc73aa,SV Samson,2023,7,287.0,193.0,148.7,164.04,153.39,-19.3
2e171977,AR Patel,378daa89,Aman Hakim Khan,2023,3,69.0,71.0,97.18,140.8,108.91,-19.6
2c25d4f5,D Padikkal,a4cc73aa,SV Samson,2023,4,102.0,86.0,118.6,130.5,153.39,-20.1
752f7486,Ishan Kishan,eaa76d3c,C Green,2023,7,248.0,176.0,140.91,142.77,162.01,-20.2
0994d0ae,V Shankar,dbe50b21,HH Pandya,2023,2,23.0,31.0,74.19,160.96,137.85,-23.3
0bacade8,Rahmanullah Gurbaz,d1c36f5c,JJ Roy,2023,5,68.0,64.0,106.25,134.32,152.41,-23.8
70d205c9,AT Rayudu,df5a6881,DP Conway,2023,5,46.0,50.0,92.0,139.82,140.29,-24.0
45a43fe2,RD Gaikwad,a4e37e47,S Dube,2023,2,73.0,64.0,114.06,148.24,158.33,-25.1
0890552f,A Manohar,dbe50b21,HH Pandya,2023,2,67.0,70.0,95.71,137.35,137.85,-29.3
00ea847a,MA Agarwal,77255a9e,RA Tripathi,2023,4,70.0,80.0,87.5,129.81,128.77,-33.4
29e95537,AM Rahane,df5a6881,DP Conway,2023,7,297.0,212.0,140.09,172.49,140.29,-34.5
12b610c2,TM Head,f29185a1,Abhishek Sharma,2024,15,691.0,308.0,224.35,192.86,205.96,76.8
45a43fe2,RD Gaikwad,a4e37e47,S Dube,2024,7,351.0,181.0,193.92,141.5,162.96,75.5
3d284ca3,PD Salt,9d430b40,SP Narine,2024,12,559.0,270.0,207.04,185.11,180.74,65.1
740742ef,RG Sharma,752f7486,Ishan Kishan,2024,14,489.0,284.0,172.18,150.54,149.53,62.9
9b6e1b3f,J Fraser-McGurk,ad3b6e95,Abishek Porel,2024,6,289.0,120.0,240.83,237.41,160.29,50.4
3241e3fd,N Pooran,b17e2f24,KL Rahul,2024,5,245.0,128.0,191.41,178.85,136.84,43.0
a4cc73aa,SV Samson,bcf325d2,Dhruv Jurel,2024,2,164.0,83.0,197.59,154.81,138.3,42.4
235c2bb6,H Klaasen,6a26221c,AK Markram,2024,5,244.0,135.0,180.74,172.92,125.71,42.4
0a509d6b,RK Singh,bbd41817,AD Russell,2024,3,122.0,48.0,254.17,151.35,189.74,40.1
b0482a1d,Tilak Varma,d1a60072,N Wadhera,2024,3,128.0,65.0,196.92,150.18,129.76,37.0
85ec8e33,SS Iyer,a24be938,VR Iyer,2024,8,340.0,200.0,170.0,146.86,158.8,34.3
3355b542,F du Plessis,ba607b88,V Kohli,2024,15,707.0,426.0,165.96,161.62,154.7,33.2
c03f1114,KD Karthik,c8f5f961,Anuj Rawat,2024,3,158.0,80.0,197.5,188.44,127.27,31.7
9d430b40,SP Narine,d7017798,A Raghuvanshi,2024,6,349.0,189.0,184.66,180.74,155.24,31.5
b0482a1d,Tilak Varma,fffa744b,Naman Dhir,2024,2,103.0,44.0,234.09,150.18,179.49,30.5
9caf69a1,WG Jacks,ba607b88,V Kohli,2024,5,227.0,120.0,189.17,176.92,154.7,28.0
73ad96ed,DJ Hooda,b17e2f24,KL Rahul,2024,5,215.0,136.0,158.09,138.1,136.84,28.0
2e171977,AR Patel,919a3be2,RR Pant,2024,4,215.0,131.0,164.12,131.28,155.4,27.2
5b8c830e,KH Pandya,872b03f7,A Badoni,2024,4,107.0,61.0,175.41,126.67,137.43,26.5
372455c4,Q de Kock,b17e2f24,KL Rahul,2024,11,307.0,207.0,148.31,134.41,136.84,26.3
4a8a2e3b,MS Dhoni,fe93fd9d,RA Jadeja,2024,6,156.0,71.0,219.72,223.61,142.78,25.9
abb83e27,JM Bairstow,cad00a4d,RR Rossouw,2024,4,244.0,130.0,187.69,152.82,183.48,25.4
04a418e8,R Parag,48a1d7b7,SO Hetmyer,2024,3,112.0,55.0,203.64,149.61,166.18,25.2
0bacade8,Rahmanullah Gurbaz,a24be938,VR Iyer,2024,1,91.0,45.0,202.22,134.78,158.8,24.9
bb351c23,MM Ali,eade4650,DJ Mitchell,2024,2,115.0,66.0,174.24,130.61,142.6,24.8
235c2bb6,H Klaasen,f9e6e7ef,Shahbaz Ahmed,2024,5,140.0,77.0,181.82,172.92,129.52,23.6
c03f1114,KD Karthik,eaa76d3c,C Green,2024,4,76.0,32.0,237.5,188.44,143.26,22.9
1fc6ef83,SD Hope,ad3b6e95,Abishek Porel,2024,5,154.0,85.0,181.18,150.0,160.29,22.1
26989d80,Shashank Singh,abb83e27,JM Bairstow,2024,2,84.0,39.0,215.38,164.65,152.82,22.1
740742ef,RG Sharma,844e79d1,D Brevis,2024,2,165.0,107.0,154.21,150.54,116.95,21.9
235c2bb6,H Klaasen,aad0c365,Nithish Kumar Reddy,2024,8,216.0,123.0,175.61,172.92,142.92,21.8
b4b99816,Shubman Gill,d5130a30,B Sai Sudharsan,2024,9,541.0,358.0,151.12,147.4,142.82,21.5
45a43fe2,RD Gaikwad,eade4650,DJ Mitchell,2024,6,322.0,212.0,151.89,141.5,142.6,20.8
dbe50b21,HH Pandya,f1f99156,TH David,2024,2,102.0,54.0,188.89,143.05,160.67,20.0
99b75528,JC Buttler,a4cc73aa,SV Samson,2024,7,305.0,194.0,157.22,141.34,154.81,17.7
04a418e8,R Parag,6c19c6e5,YBK Jaiswal,2024,1,134.0,76.0,176.32,149.61,156.47,17.7
c03f1114,KD Karthik,da934ee8,MK Lomror,2024,5,172.0,83.0,207.23,188.44,183.82,17.5
0994d0ae,V Shankar,b4b99816,Shubman Gill,2024,2,74.0,43.0,172.09,115.28,147.4,17.5
b0482a1d,Tilak Varma,dbe50b21,HH Pandya,2024,9,240.0,152.0,157.89,150.18,143.05,17.1
372455c4,Q de Kock,d9273ee7,MP Stoinis,2024,3,106.0,63.0,168.25,134.41,148.66,16.8
26989d80,Shashank Singh,84d9c311,Ashutosh Sharma,2024,4,149.0,79.0,188.61,164.65,171.82,16.1
73ad96ed,DJ Hooda,d9273ee7,MP Stoinis,2024,4,102.0,60.0,170.0,138.1,148.66,16.0
752f7486,Ishan Kishan,fffa744b,Naman Dhir,2024,2,68.0,32.0,212.5,149.53,179.49,15.4
b0482a1d,Tilak Varma,f1f99156,TH David,2024,6,125.0,71.0,176.06,150.18,160.67,14.6
84d9c311,Ashutosh Sharma,c05edf8e,Harpreet Brar,2024,3,83.0,45.0,184.44,171.82,138.89,13.1
2c25d4f5,D Padikkal,d9273ee7,MP Stoinis,2024,1,55.0,38.0,144.74,73.08,148.66,12.9
d5130a30,B Sai Sudharsan,fe11caa6,WP Saha,2024,3,105.0,71.0,147.89,142.82,118.26,12.3
3241e3fd,N Pooran,d9273ee7,MP Stoinis,2024,6,143.0,80.0,178.75,178.85,148.66,12.0
85ec8e33,SS Iyer,bbd41817,AD Russell,2024,3,113.0,60.0,188.33,146.86,189.74,12.0
12314277,Arshad Khan,872b03f7,A Badoni,2024,1,73.0,42.0,173.81,153.7,137.43,11.9
3241e3fd,N Pooran,5b8c830e,KH Pandya,2024,7,167.0,102.0,163.73,178.85,126.67,11.2
9caf69a1,WG Jacks,c740ea83,RM Patidar,2024,2,190.0,101.0,188.12,176.92,177.13,11.2
1ac746c8,Atharva Taide,9418198b,P Simran Singh,2024,1,97.0,55.0,176.36,156.41,157.55,10.7
26989d80,Shashank Singh,cad00a4d,RR Rossouw,2024,3,89.0,45.0,197.78,164.65,183.48,10.7
26989d80,Shashank Singh,26d041c4,Sikandar Raza,2024,2,74.0,46.0,160.87,164.65,113.16,10.1
8e514b4c,Abdul Samad,f9e6e7ef,Shahbaz Ahmed,2024,4,92.0,55.0,167.27,168.52,129.52,10.0
2e171977,AR Patel,85b3fab2,T Stubbs,2024,8,191.0,112.0,170.54,131.28,191.88,10.0
77255a9e,RA Tripathi,f29185a1,Abhishek Sharma,2024,3,96.0,49.0,195.92,146.02,205.96,9.8
2e81a32d,B Kumar,f9e6e7ef,Shahbaz Ahmed,2024,3,46.0,35.0,131.43,79.31,129.52,9.5
c740ea83,RM Patidar,eaa76d3c,C Green,2024,4,128.0,74.0,172.97,177.13,143.26,9.5
29e95537,AM Rahane,eade4650,DJ Mitchell,2024,2,96.0,65.0,147.69,123.47,142.6,9.5
0a476045,S Dhawan,9418198b,P Simran Singh,2024,3,90.0,57.0,157.89,125.62,157.55,9.3
7dcb9bc9,M Shahrukh Khan,d5130a30,B Sai Sudharsan,2024,2,95.0,55.0,172.73,169.33,142.82,9.2
6c19c6e5,YBK Jaiswal,a4cc73aa,SV Samson,2024,7,247.0,153.0,161.44,156.47,154.81,8.9
29e95537,AM Rahane,a4e37e47,S Dube,2024,2,92.0,58.0,158.62,123.47,162.96,8.9
9418198b,P Simran Singh,abb83e27,JM Bairstow,2024,8,190.0,117.0,162.39,157.55,152.82,8.4
2e171977,AR Patel,ad3b6e95,Abishek Porel,2024,2,55.0,32.0,171.88,131.28,160.29,8.3
8b3e9c7c,PP Shaw,ad3b6e95,Abishek Porel,2024,2,94.0,53.0,177.36,163.64,160.29,8.2
39a2dfa8,R Tewatia,7dcb9bc9,M Shahrukh Khan,2024,4,67.0,37.0,181.08,149.21,169.33,8.1
50c6bc2b,LS Livingstone,e94915e6,SM Curran,2024,3,68.0,45.0,151.11,142.31,124.42,8.0
1fc6ef83,SD Hope,919a3be2,RR Pant,2024,3,75.0,44.0,170.45,150.0,155.4,7.8
04a418e8,R Parag,495d42a5,R Ashwin,2024,4,154.0,110.0,140.0,149.61,116.22,7.8
da934ee8,MK Lomror,eaa76d3c,C Green,2024,4,60.0,32.0,187.5,183.82,143.26,7.7
26989d80,Shashank Singh,800d2d97,JM Sharma,2024,7,138.0,88.0,156.82,164.65,131.69,7.6
00ea847a,MA Agarwal,f29185a1,Abhishek Sharma,2024,1,60.0,33.0,181.82,112.28,205.96,7.5
3204c99f,G Coetzee,f1f99156,TH David,2024,4,61.0,48.0,127.08,63.64,160.67,7.2
3d8feaf8,MR Marsh,dcce6f09,DA Warner,2024,3,74.0,46.0,160.87,160.53,134.4,6.2
ba607b88,V Kohli,c740ea83,RM Patidar,2024,6,208.0,122.0,170.49,154.7,177.13,5.6
45a43fe2,RD Gaikwad,bb351c23,MM Ali,2024,2,57.0,38.0,150.0,141.5,130.61,5.3
85b3fab2,T Stubbs,919a3be2,RR Pant,2024,10,310.0,176.0,176.14,191.88,155.4,4.4
6a26221c,AK Markram,f29185a1,Abhishek Sharma,2024,5,117.0,68.0,172.06,125.71,205.96,4.2
26989d80,Shashank Singh,e94915e6,SM Curran,2024,2,75.0,49.0,153.06,164.65,124.42,4.2
7dcb9bc9,M Shahrukh Khan,d67d5f00,DA Miller,2024,3,97.0,58.0,167.24,169.33,151.08,4.1
d5130a30,B Sai Sudharsan,d67d5f00,DA Miller,2024,7,237.0,159.0,149.06,142.82,151.08,3.4
62af8546,Mohammad Nabi,b0482a1d,Tilak Varma,2024,3,45.0,32.0,140.63,112.9,150.18,2.9
740742ef,RG Sharma,b0482a1d,Tilak Varma,2024,1,60.0,38.0,157.89,150.54,150.18,2.9
0994d0ae,V Shankar,39a2dfa8,R Tewatia,2024,3,45.0,32.0,140.63,115.28,149.21,2.7
a4e37e47,S Dube,fe93fd9d,RA Jadeja,2024,5,137.0,88.0,155.68,162.96,142.78,2.5
26d041c4,Sikandar Raza,e94915e6,SM Curran,2024,2,44.0,35.0,125.71,113.16,124.42,2.4
919a3be2,RR Pant,dcce6f09,DA Warner,2024,2,73.0,49.0,148.98,155.4,134.4,2.0
9418198b,P Simran Singh,e94915e6,SM Curran,2024,5,126.0,88.0,143.18,157.55,124.42,1.9
29e95537,AM Rahane,fe93fd9d,RA Jadeja,2024,2,43.0,31.0,138.71,123.47,142.78,1.7
8b3e9c7c,PP Shaw,dcce6f09,DA Warner,2024,5,176.0,117.0,150.43,163.64,134.4,1.6
271f83cd,SA Yadav,b0482a1d,Tilak Varma,2024,6,261.0,163.0,160.12,168.29,150.18,1.4
85b3fab2,T Stubbs,ad3b6e95,Abishek Porel,2024,3,77.0,43.0,179.07,191.88,160.29,1.3
aad0c365,Nithish Kumar Reddy,f29185a1,Abhishek Sharma,2024,2,69.0,39.0,176.92,142.92,205.96,1.0
04a418e8,R Parag,bcf325d2,Dhruv Jurel,2024,6,159.0,110.0,144.55,149.61,138.3,0.7
bb351c23,MM Ali,fe93fd9d,RA Jadeja,2024,2,77.0,56.0,137.5,130.61,142.78,0.4
0a476045,S Dhawan,abb83e27,JM Bairstow,2024,5,168.0,121.0,138.84,125.62,152.82,-0.5
2c25d4f5,D Padikkal,b17e2f24,KL Rahul,2024,4,32.0,31.0,103.23,73.08,136.84,-0.5
752f7486,Ishan Kishan,dbe50b21,HH Pandya,2024,3,49.0,34.0,144.12,149.53,143.05,-0.7
b4b99816,Shubman Gill,d027ba9f,KS Williamson,2024,1,40.0,33.0,121.21,147.4,100.0,-0.8
6c19c6e5,YBK Jaiswal,f836b33d,T Kohler-Cadmore,2024,3,74.0,61.0,121.31,156.47,88.89,-0.8
800d2d97,JM Sharma,e94915e6,SM Curran,2024,6,141.0,111.0,127.03,131.69,124.42,-1.1
39a2dfa8,R Tewatia,5f547c8b,Rashid Khan,2024,6,107.0,73.0,146.58,149.21,147.83,-1.4
3355b542,F du Plessis,c740ea83,RM Patidar,2024,4,130.0,78.0,166.67,161.62,177.13,-2.1
ded9240e,PJ Cummins,f9e6e7ef,Shahbaz Ahmed,2024,5,61.0,46.0,132.61,144.68,129.52,-2.1
1fc6ef83,SD Hope,2e171977,AR Patel,2024,2,64.0,47.0,136.17,150.0,131.28,-2.1
5724e517,Tanush Kotian,6c19c6e5,YBK Jaiswal,2024,1,56.0,50.0,112.0,77.42,156.47,-2.5
235c2bb6,H Klaasen,77255a9e,RA Tripathi,2024,2,66.0,43.0,153.49,172.92,146.02,-2.6
45a43fe2,RD Gaikwad,f89d3b11,Sameer Rizvi,2024,2,61.0,49.0,124.49,141.5,118.6,-2.7
eade4650,DJ Mitchell,fe93fd9d,RA Jadeja,2024,2,40.0,30.0,133.33,142.6,142.78,-2.8
26989d80,Shashank Singh,28c78fb3,Harpreet Singh,2024,2,42.0,37.0,113.51,164.65,79.41,-3.2
6a26221c,AK Markram,77255a9e,RA Tripathi,2024,2,51.0,40.0,127.5,125.71,146.02,-3.3
00ea847a,MA Agarwal,12b610c2,TM Head,2024,3,91.0,62.0,146.77,112.28,192.86,-3.6
9418198b,P Simran Singh,cad00a4d,RR Rossouw,2024,2,54.0,34.0,158.82,157.55,183.48,-4.0
12b610c2,TM Head,235c2bb6,H Klaasen,2024,3,120.0,68.0,176.47,192.86,172.92,-4.4
b681e71e,GJ Maxwell,ba607b88,V Kohli,2024,5,67.0,52.0,128.85,120.93,154.7,-4.7
919a3be2,RR Pant,ad3b6e95,Abishek Porel,2024,3,82.0,55.0,149.09,155.4,160.29,-4.8
aad0c365,Nithish Kumar Reddy,f9e6e7ef,Shahbaz Ahmed,2024,3,81.0,63.0,128.57,142.92,129.52,-4.8
26989d80,Shashank Singh,9418198b,P Simran Singh,2024,1,53.0,36.0,147.22,164.65,157.55,-5.0
6a26221c,AK Markram,aad0c365,Nithish Kumar Reddy,2024,3,62.0,50.0,124.0,125.71,142.92,-5.2
45a43fe2,RD Gaikwad,ba5e1069,R Ravindra,2024,8,239.0,161.0,148.45,141.5,162.04,-5.4
8f6dd463,Azmatullah Omarzai,d5130a30,B Sai Sudharsan,2024,4,81.0,64.0,126.56,127.27,142.82,-5.4
12b610c2,TM Head,aad0c365,Nithish Kumar Reddy,2024,2,118.0,74.0,159.46,192.86,142.92,-6.2
04a418e8,R Parag,99b75528,JC Buttler,2024,4,69.0,52.0,132.69,149.61,141.34,-6.6
84d9c311,Ashutosh Sharma,e94915e6,SM Curran,2024,3,55.0,42.0,130.95,171.82,124.42,-7.2
b4b99816,Shubman Gill,fe11caa6,WP Saha,2024,9,180.0,141.0,127.66,147.4,118.26,-7.3
a4e37e47,S Dube,eade4650,DJ Mitchell,2024,4,104.0,73.0,142.47,162.96,142.6,-7.5
3d284ca3,PD Salt,85ec8e33,SS Iyer,2024,2,120.0,77.0,155.84,185.11,146.86,-7.8
85ec8e33,SS Iyer,be24ead0,Ramandeep Singh,2024,2,45.0,30.0,150.0,146.86,204.92,-7.8
3241e3fd,N Pooran,372455c4,Q de Kock,2024,2,61.0,44.0,138.64,178.85,134.41,-7.9
a4cc73aa,SV Samson,f836b33d,T Kohler-Cadmore,2024,1,36.0,36.0,100.0,154.81,88.89,-7.9
93b4fc78,MK Pandey,a24be938,VR Iyer,2024,1,83.0,61.0,136.07,140.0,158.8,-8.1
8b3e9c7c,PP Shaw,9b6e1b3f,J Fraser-McGurk,2024,4,116.0,62.0,187.1,163.64,237.41,-8.3
6a26221c,AK Markram,f9e6e7ef,Shahbaz Ahmed,2024,2,32.0,32.0,100.0,125.71,129.52,-8.8
5b8c830e,KH Pandya,b17e2f24,KL Rahul,2024,1,36.0,34.0,105.88,126.67,136.84,-8.8
740742ef,RG Sharma,fffa744b,Naman Dhir,2024,4,67.0,46.0,145.65,150.54,179.49,-8.9
29e95537,AM Rahane,45a43fe2,RD Gaikwad,2024,8,199.0,157.0,126.75,123.47,141.5,-9.0
50c6bc2b,LS Livingstone,800d2d97,JM Sharma,2024,2,44.0,39.0,112.82,142.31,131.69,-9.4
872b03f7,A Badoni,b17e2f24,KL Rahul,2024,4,63.0,53.0,118.87,137.43,136.84,-9.7
3241e3fd,N Pooran,872b03f7,A Badoni,2024,8,225.0,149.0,151.01,178.85,137.43,-10.6
c740ea83,RM Patidar,c8f5f961,Anuj Rawat,2024,1,36.0,31.0,116.13,177.13,127.27,-11.2
45a43fe2,RD Gaikwad,fe93fd9d,RA Jadeja,2024,3,71.0,58.0,122.41,141.5,142.78,-11.4
3d284ca3,PD Salt,a24be938,VR Iyer,2024,3,40.0,30.0,133.33,185.11,158.8,-11.6
919a3be2,RR Pant,9b6e1b3f,J Fraser-McGurk,2024,1,77.0,46.0,167.39,155.4,237.41,-13.3
12b610c2,TM Head,6a26221c,AK Markram,2024,3,64.0,49.0,130.61,192.86,125.71,-14.0
ba607b88,V Kohli,eaa76d3c,C Green,2024,8,270.0,191.0,141.36,154.7,143.26,-14.5
77255a9e,RA Tripathi,aad0c365,Nithish Kumar Reddy,2024,2,51.0,46.0,110.87,146.02,142.92,-15.5
29e95537,AM Rahane,ba5e1069,R Ravindra,2024,6,117.0,93.0,125.81,123.47,162.04,-15.8
0a509d6b,RK Singh,85ec8e33,SS Iyer,2024,5,119.0,92.0,129.35,151.35,146.86,-18.2
6c19c6e5,YBK Jaiswal,99b75528,JC Buttler,2024,11,268.0,193.0,138.86,156.47,141.34,-19.4
271f83cd,SA Yadav,740742ef,RG Sharma,2024,6,130.0,94.0,138.3,168.29,150.54,-19.9
752f7486,Ishan Kishan,d1a60072,N Wadhera,2024,2,57.0,57.0,100.0,149.53,129.76,-22.6
04a418e8,R Parag,a4cc73aa,SV Samson,2024,8,333.0,238.0,139.92,149.61,154.81,-29.3
235c2bb6,H Klaasen,8e514b4c,Abdul Samad,2024,5,83.0,69.0,120.29,172.92,168.52,-34.8
b17e2f24,KL Rahul,d9273ee7,MP Stoinis,2024,8,298.0,234.0,127.35,136.84,148.66,-36.0
3241e3fd,N Pooran,3d8feaf8,MR Marsh,2025,7,466.0,213.0,218.78,197.74,164.57,80.1
26989d80,Shashank Singh,85ec8e33,SS Iyer,2025,5,168.0,75.0,224.0,153.51,176.09,44.4
3d284ca3,PD Salt,ba607b88,V Kohli,2025,13,565.0,324.0,174.38,177.53,144.71,43.0
235c2bb6,H Klaasen,752f7486,Ishan Kishan,2025,6,270.0,140.0,192.86,174.55,152.59,41.0
29e95537,AM Rahane,9d430b40,SP Narine,2025,7,334.0,184.0,181.52,147.73,170.83,40.9
470f446b,V Suryavanshi,6c19c6e5,YBK Jaiswal,2025,7,422.0,208.0,202.88,208.26,159.71,39.3
3d8feaf8,MR Marsh,919a3be2,RR Pant,2025,4,224.0,125.0,179.2,164.57,133.17,37.9
b0482a1d,Tilak Varma,dbe50b21,HH Pandya,2025,7,165.0,84.0,196.43,140.0,163.5,37.5
00ea847a,MA Agarwal,800d2d97,JM Sharma,2025,1,107.0,44.0,243.18,148.44,177.55,35.3
a4e37e47,S Dube,df5a6881,DP Conway,2025,2,126.0,70.0,180.0,133.21,131.09,33.5
12b610c2,TM Head,f29185a1,Abhishek Sharma,2025,12,511.0,266.0,192.11,165.49,195.11,31.4
872b03f7,A Badoni,8e514b4c,Abdul Samad,2025,3,140.0,67.0,208.96,148.87,176.34,31.1
2e81a32d,B Kumar,f1f99156,TH David,2025,4,97.0,55.0,176.36,56.0,188.89,29.7
2c25d4f5,D Padikkal,ba607b88,V Kohli,2025,9,453.0,286.0,158.39,151.53,144.71,29.4
271f83cd,SA Yadav,740742ef,RG Sharma,2025,5,269.0,151.0,178.15,167.92,149.82,29.1
2e171977,AR Patel,3355b542,F du Plessis,2025,2,119.0,64.0,185.94,157.49,125.47,28.5
271f83cd,SA Yadav,fffa744b,Naman Dhir,2025,4,180.0,87.0,206.9,167.92,182.61,27.5
85ec8e33,SS Iyer,d1a60072,N Wadhera,2025,7,368.0,211.0,174.41,176.09,147.01,27.1
752f7486,Ishan Kishan,a3b0600d,Aniket Verma,2025,3,100.0,46.0,217.39,152.59,166.2,26.7
85ec8e33,SS Iyer,d9273ee7,MP Stoinis,2025,4,124.0,54.0,229.63,176.09,188.24,25.6
b681e71e,GJ Maxwell,d1a60072,N Wadhera,2025,2,108.0,68.0,158.82,97.96,147.01,24.7
8e514b4c,Abdul Samad,d67d5f00,DA Miller,2025,4,81.0,37.0,218.92,176.34,128.57,24.6
85b3fab2,T Stubbs,b17e2f24,KL Rahul,2025,6,212.0,125.0,169.6,150.75,149.72,24.2
12b610c2,TM Head,235c2bb6,H Klaasen,2025,1,83.0,35.0,237.14,165.49,174.55,23.5
944533a5,KK Nair,ad3b6e95,Abishek Porel,2025,4,178.0,97.0,183.51,172.17,146.83,23.3
48a1d7b7,SO Hetmyer,6b2ff18f,SB Dubey,2025,2,83.0,39.0,212.82,145.73,163.08,22.8
a4cc73aa,SV Samson,bcf325d2,Dhruv Jurel,2025,2,119.0,65.0,183.08,141.79,156.34,22.1
4a8a2e3b,MS Dhoni,fe93fd9d,RA Jadeja,2025,5,130.0,80.0,162.5,135.17,135.59,21.7
48a1d7b7,SO Hetmyer,bcf325d2,Dhruv Jurel,2025,9,200.0,119.0,168.07,145.73,156.34,20.3
0a509d6b,RK Singh,a24be938,VR Iyer,2025,2,93.0,50.0,186.0,154.89,139.22,19.5
7dcb9bc9,M Shahrukh Khan,d014d5ac,SE Rutherford,2025,4,127.0,64.0,198.44,179.0,158.15,19.1
752f7486,Ishan Kishan,aad0c365,Nithish Kumar Reddy,2025,4,103.0,62.0,166.13,152.59,119.74,18.6
372455c4,Q de Kock,d7017798,A Raghuvanshi,2025,2,89.0,52.0,171.15,131.03,140.19,18.5
989889ff,JP Inglis,b5797845,Priyansh Arya,2025,2,151.0,77.0,196.1,162.57,182.89,18.0
ba607b88,V Kohli,c740ea83,RM Patidar,2025,9,269.0,174.0,154.6,144.71,143.78,18.0
b4b99816,Shubman Gill,d014d5ac,SE Rutherford,2025,2,82.0,41.0,200.0,157.0,158.15,17.4
04a418e8,R Parag,48a1d7b7,SO Hetmyer,2025,3,165.0,95.0,173.68,167.23,145.73,16.3
b4b99816,Shubman Gill,d5130a30,B Sai Sudharsan,2025,15,912.0,572.0,159.44,157.0,156.17,16.3
a4cc73aa,SV Samson,fb2d1dda,N Rana,2025,3,110.0,62.0,177.42,141.79,161.94,15.8
99b75528,JC Buttler,d5130a30,B Sai Sudharsan,2025,7,357.0,214.0,166.82,163.03,156.17,15.5
372455c4,Q de Kock,9d430b40,SP Narine,2025,7,146.0,87.0,167.82,131.03,170.83,14.7
740742ef,RG Sharma,e66732f8,RD Rickelton,2025,13,449.0,288.0,155.9,149.82,152.16,14.2
cf59b3f0,Urvil Patel,df5a6881,DP Conway,2025,2,88.0,43.0,204.65,212.5,131.09,14.1
00ea847a,MA Agarwal,3d284ca3,PD Salt,2025,2,94.0,49.0,191.84,148.44,177.53,14.1
844e79d1,D Brevis,a4e37e47,S Dube,2025,3,166.0,97.0,171.13,180.0,133.21,14.1
26989d80,Shashank Singh,b5797845,Priyansh Arya,2025,1,71.0,34.0,208.82,153.51,182.89,13.8
944533a5,KK Nair,f89d3b11,Sameer Rizvi,2025,1,62.0,30.0,206.67,172.17,153.16,13.2
9418198b,P Simran Singh,989889ff,JP Inglis,2025,5,145.0,81.0,179.01,162.77,162.57,13.2
85ec8e33,SS Iyer,b5797845,Priyansh Arya,2025,3,76.0,35.0,217.14,176.09,182.89,13.2
d5130a30,B Sai Sudharsan,f19ccfad,Washington Sundar,2025,1,84.0,44.0,190.91,156.17,166.25,13.1
0890552f,A Manohar,235c2bb6,H Klaasen,2025,1,99.0,63.0,157.14,100.0,174.55,12.5
b2b4f545,A Mhatre,cbf58a86,SK Rasheed,2025,4,113.0,67.0,168.66,188.98,112.7,11.9
12b610c2,TM Head,aad0c365,Nithish Kumar Reddy,2025,3,80.0,48.0,166.67,165.49,119.74,11.5
99b75528,JC Buttler,d014d5ac,SE Rutherford,2025,5,265.0,158.0,167.72,163.03,158.15,11.3
08548b13,PHKD Mendis,aad0c365,Nithish Kumar Reddy,2025,3,84.0,57.0,147.37,135.29,119.74,11.3
3355b542,F du Plessis,9b6e1b3f,J Fraser-McGurk,2025,3,92.0,70.0,131.43,125.47,105.77,11.1
4a8a2e3b,MS Dhoni,a4e37e47,S Dube,2025,5,158.0,110.0,143.64,135.17,133.21,10.4
271f83cd,SA Yadav,e66732f8,RD Rickelton,2025,3,68.0,36.0,188.89,167.92,152.16,10.4
50c6bc2b,LS Livingstone,800d2d97,JM Sharma,2025,2,88.0,50.0,176.0,133.33,177.55,10.3
372455c4,Q de Kock,bb351c23,MM Ali,2025,1,41.0,37.0,110.81,131.03,35.71,10.2
ba5e1069,R Ravindra,cbf58a86,SK Rasheed,2025,2,68.0,48.0,141.67,129.93,112.7,9.8
3241e3fd,N Pooran,919a3be2,RR Pant,2025,5,114.0,63.0,180.95,197.74,133.17,9.8
85b3fab2,T Stubbs,f89d3b11,Sameer Rizvi,2025,2,63.0,35.0,180.0,150.75,153.16,9.8
45a43fe2,RD Gaikwad,ba5e1069,R Ravindra,2025,2,67.0,41.0,163.41,150.62,129.93,9.5
0994d0ae,V Shankar,4a8a2e3b,MS Dhoni,2025,1,84.0,56.0,150.0,131.11,135.17,9.4
2e171977,AR Patel,85b3fab2,T Stubbs,2025,2,94.0,55.0,170.91,157.49,150.75,9.2
29e95537,AM Rahane,d7017798,A Raghuvanshi,2025,6,209.0,139.0,150.36,147.73,140.19,8.9
0bacade8,Rahmanullah Gurbaz,29e95537,AM Rahane,2025,1,56.0,33.0,169.7,139.62,147.73,8.6
b2b4f545,A Mhatre,fe93fd9d,RA Jadeja,2025,2,122.0,70.0,174.29,188.98,135.59,8.4
bbd41817,AD Russell,d7017798,A Raghuvanshi,2025,3,66.0,38.0,173.68,163.73,140.19,8.3
50c6bc2b,LS Livingstone,ba607b88,V Kohli,2025,3,50.0,30.0,166.67,133.33,144.71,8.3
6a26221c,AK Markram,872b03f7,A Badoni,2025,2,127.0,80.0,158.75,149.33,148.87,7.7
85b3fab2,T Stubbs,ad3b6e95,Abishek Porel,2025,2,59.0,35.0,168.57,150.75,146.83,6.9
9caf69a1,WG Jacks,e66732f8,RD Rickelton,2025,7,211.0,142.0,148.59,135.47,152.16,6.8
5ffc0565,V Nigam,84d9c311,Ashutosh Sharma,2025,4,89.0,48.0,185.42,182.05,161.9,6.5
740742ef,RG Sharma,abb83e27,JM Bairstow,2025,2,103.0,58.0,177.59,149.82,184.78,6.0
b17e2f24,KL Rahul,f89d3b11,Sameer Rizvi,2025,1,56.0,33.0,169.7,149.72,153.16,6.0
5b8c830e,KH Pandya,ba607b88,V Kohli,2025,1,119.0,83.0,143.37,128.24,144.71,5.7
0994d0ae,V Shankar,77255a9e,RA Tripathi,2025,1,43.0,33.0,130.3,131.11,96.49,5.4
04a418e8,R Parag,fb2d1dda,N Rana,2025,4,114.0,66.0,172.73,167.23,161.94,5.4
85ec8e33,SS Iyer,b681e71e,GJ Maxwell,2025,3,49.0,32.0,153.13,176.09,97.96,5.2
d014d5ac,SE Rutherford,d5130a30,B Sai Sudharsan,2025,4,60.0,35.0,171.43,158.15,156.17,5.0
a4e37e47,S Dube,fe93fd9d,RA Jadeja,2025,5,115.0,82.0,140.24,133.21,135.59,4.8
93b4fc78,MK Pandey,bbd41817,AD Russell,2025,2,52.0,31.0,167.74,141.54,163.73,4.7
99b75528,JC Buttler,f19ccfad,Washington Sundar,2025,3,88.0,51.0,172.55,163.03,166.25,4.0
04a418e8,R Parag,bcf325d2,Dhruv Jurel,2025,7,96.0,57.0,168.42,167.23,156.34,3.8
26989d80,Shashank Singh,d1a60072,N Wadhera,2025,4,124.0,80.0,155.0,153.51,147.01,3.8
5d1e7582,BKG Mendis,d5130a30,B Sai Sudharsan,2025,1,64.0,34.0,188.24,200.0,156.17,3.5
0bacade8,Rahmanullah Gurbaz,9d430b40,SP Narine,2025,5,81.0,50.0,162.0,139.62,170.83,3.4
7dcb9bc9,M Shahrukh Khan,d5130a30,B Sai Sudharsan,2025,3,134.0,78.0,171.79,179.0,156.17,3.3
3d284ca3,PD Salt,c740ea83,RM Patidar,2025,3,53.0,31.0,170.97,177.53,143.78,3.2
235c2bb6,H Klaasen,f29185a1,Abhishek Sharma,2025,2,108.0,57.0,189.47,174.55,195.11,2.6
0a509d6b,RK Singh,93b4fc78,MK Pandey,2025,2,47.0,30.0,156.67,154.89,141.54,2.5
3355b542,F du Plessis,944533a5,KK Nair,2025,4,60.0,39.0,153.85,125.47,172.17,2.0
495d42a5,R Ashwin,fe93fd9d,RA Jadeja,2025,3,40.0,31.0,129.03,110.0,135.59,1.9
e4a0deae,MJ Santner,fffa744b,Naman Dhir,2025,3,67.0,43.0,155.81,121.21,182.61,1.7
26989d80,Shashank Singh,81c36ee9,M Jansen,2025,4,123.0,89.0,138.2,153.51,119.05,1.7
b2b4f545,A Mhatre,df5a6881,DP Conway,2025,3,56.0,34.0,164.71,188.98,131.09,1.6
12b610c2,TM Head,752f7486,Ishan Kishan,2025,6,140.0,87.0,160.92,165.49,152.59,1.6
3c55c703,JG Bethell,ba607b88,V Kohli,2025,2,117.0,73.0,160.27,171.79,144.71,1.5
8e514b4c,Abdul Samad,919a3be2,RR Pant,2025,2,54.0,34.0,158.82,176.34,133.17,1.4
85ec8e33,SS Iyer,9418198b,P Simran Singh,2025,9,352.0,207.0,170.05,176.09,162.77,1.3
271f83cd,SA Yadav,dbe50b21,HH Pandya,2025,5,180.0,108.0,166.67,167.92,163.5,1.0
ba5e1069,R Ravindra,df5a6881,DP Conway,2025,3,91.0,69.0,131.88,129.93,131.09,0.9
29e95537,AM Rahane,a24be938,VR Iyer,2025,3,114.0,79.0,144.3,147.73,139.22,0.7
00ea847a,MA Agarwal,ba607b88,V Kohli,2025,2,71.0,48.0,147.92,148.44,144.71,0.6
0a509d6b,RK Singh,bbd41817,AD Russell,2025,6,77.0,48.0,160.42,154.89,163.73,0.5
271f83cd,SA Yadav,9caf69a1,WG Jacks,2025,6,226.0,149.0,151.68,167.92,135.47,0.0
800d2d97,JM Sharma,c740ea83,RM Patidar,2025,6,167.0,104.0,160.58,177.55,143.78,-0.1
b4b99816,Shubman Gill,f19ccfad,Washington Sundar,2025,1,90.0,56.0,160.71,157.0,166.25,-0.5
84d9c311,Ashutosh Sharma,85b3fab2,T Stubbs,2025,5,159.0,102.0,155.88,161.9,150.75,-0.5
a4e37e47,S Dube,ba5e1069,R Ravindra,2025,2,40.0,31.0,129.03,133.21,129.93,-0.8
04a418e8,R Parag,a4cc73aa,SV Samson,2025,3,57.0,38.0,150.0,167.23,141.79,-1.7
844e79d1,D Brevis,e94915e6,SM Curran,2025,1,78.0,50.0,156.0,180.0,139.02,-1.8
45a43fe2,RD Gaikwad,77255a9e,RA Tripathi,2025,1,46.0,39.0,117.95,150.62,96.49,-2.2
844e79d1,D Brevis,fe93fd9d,RA Jadeja,2025,5,113.0,73.0,154.79,180.0,135.59,-2.2
470f446b,V Suryavanshi,a4cc73aa,SV Samson,2025,1,98.0,58.0,168.97,208.26,141.79,-3.5
9418198b,P Simran Singh,d1a60072,N Wadhera,2025,4,63.0,43.0,146.51,162.77,147.01,-3.6
6a26221c,AK Markram,919a3be2,RR Pant,2025,4,98.0,72.0,136.11,149.33,133.17,-3.7
872b03f7,A Badoni,919a3be2,RR Pant,2025,3,79.0,59.0,133.9,148.87,133.17,-4.2
b0482a1d,Tilak Varma,fffa744b,Naman Dhir,2025,4,70.0,46.0,152.17,140.0,182.61,-4.2
740742ef,RG Sharma,9caf69a1,WG Jacks,2025,2,88.0,65.0,135.38,149.82,135.47,-4.7
08548b13,PHKD Mendis,235c2bb6,H Klaasen,2025,2,77.0,53.0,145.28,135.29,174.55,-5.1
6c19c6e5,YBK Jaiswal,a4cc73aa,SV Samson,2025,8,299.0,202.0,148.02,159.71,141.79,-5.5
5ffc0565,V Nigam,85b3fab2,T Stubbs,2025,3,74.0,48.0,154.17,182.05,150.75,-5.9
a24be938,VR Iyer,d7017798,A Raghuvanshi,2025,6,80.0,62.0,129.03,139.22,140.19,-6.6
3241e3fd,N Pooran,6a26221c,AK Markram,2025,6,170.0,102.0,166.67,197.74,149.33,-7.0
235c2bb6,H Klaasen,a3b0600d,Aniket Verma,2025,6,153.0,94.0,162.77,174.55,166.2,-7.2
99b75528,JC Buttler,b4b99816,Shubman Gill,2025,6,306.0,196.0,156.12,163.03,157.0,-7.6
a3b0600d,Aniket Verma,aad0c365,Nithish Kumar Reddy,2025,4,36.0,31.0,116.13,166.2,119.74,-8.3
3355b542,F du Plessis,ad3b6e95,Abishek Porel,2025,4,43.0,38.0,113.16,125.47,146.83,-8.7
29e95537,AM Rahane,372455c4,Q de Kock,2025,4,48.0,41.0,117.07,147.73,131.03,-9.1
dbe50b21,HH Pandya,fffa744b,Naman Dhir,2025,4,60.0,40.0,150.0,163.5,182.61,-9.2
84d9c311,Ashutosh Sharma,f89d3b11,Sameer Rizvi,2025,1,38.0,30.0,126.67,161.9,153.16,-9.3
0a509d6b,RK Singh,d7017798,A Raghuvanshi,2025,5,126.0,92.0,136.96,154.89,140.19,-9.7
271f83cd,SA Yadav,b0482a1d,Tilak Varma,2025,10,429.0,285.0,150.53,167.92,140.0,-9.8
a3b0600d,Aniket Verma,ded9240e,PJ Cummins,2025,3,45.0,33.0,136.36,166.2,167.24,-10.0
b2b4f545,A Mhatre,e94915e6,SM Curran,2025,3,47.0,35.0,134.29,188.98,139.02,-10.4
6b2ff18f,SB Dubey,bcf325d2,Dhruv Jurel,2025,5,94.0,66.0,142.42,163.08,156.34,-11.4
04a418e8,R Parag,6c19c6e5,YBK Jaiswal,2025,7,300.0,191.0,157.07,167.23,159.71,-12.2
77255a9e,RA Tripathi,ba5e1069,R Ravindra,2025,5,41.0,47.0,87.23,96.49,129.93,-12.2
6c19c6e5,YBK Jaiswal,fb2d1dda,N Rana,2025,6,89.0,63.0,141.27,159.71,161.94,-12.3
0994d0ae,V Shankar,a4e37e47,S Dube,2025,2,39.0,39.0,100.0,131.11,133.21,-12.5
bcf325d2,Dhruv Jurel,fb2d1dda,N Rana,2025,4,83.0,60.0,138.33,156.34,161.94,-12.5
2e171977,AR Patel,b17e2f24,KL Rahul,2025,7,215.0,149.0,144.3,157.49,149.72,-13.9
ad3b6e95,Abishek Porel,b17e2f24,KL Rahul,2025,8,332.0,234.0,141.88,146.83,149.72,-15.0
989889ff,JP Inglis,d1a60072,N Wadhera,2025,4,36.0,34.0,105.88,162.57,147.01,-16.6
50c6bc2b,LS Livingstone,c740ea83,RM Patidar,2025,5,58.0,54.0,107.41,133.33,143.78,-16.8
3d8feaf8,MR Marsh,6a26221c,AK Markram,2025,12,574.0,377.0,152.25,164.57,149.33,-17.7
3355b542,F du Plessis,b17e2f24,KL Rahul,2025,5,128.0,106.0,120.75,125.47,149.72,-17.8
ba5e1069,R Ravindra,e94915e6,SM Curran,2025,2,35.0,40.0,87.5,129.93,139.02,-18.8
872b03f7,A Badoni,d67d5f00,DA Miller,2025,7,159.0,129.0,123.26,148.87,128.57,-19.9
752f7486,Ishan Kishan,f29185a1,Abhishek Sharma,2025,5,156.0,102.0,152.94,152.59,195.11,-21.3
9418198b,P Simran Singh,b5797845,Priyansh Arya,2025,18,654.0,395.0,165.57,162.77,182.89,-28.7
235c2bb6,H Klaasen,aad0c365,Nithish Kumar Reddy,2025,4,115.0,103.0,111.65,174.55,119.74,-36.6
3241e3fd,N Pooran,872b03f7,A Badoni,2025,3,96.0,77.0,124.68,197.74,148.87,-37.4
85ec8e33,SS Iyer,989889ff,JP Inglis,2025,8,106.0,96.0,110.42,176.09,162.57,-56.6
